[
    {
        "id":1,"place":" No. 313, Mettupalayam Road, Saibaba Koil, Coimbatore, TN 641043","name":"GANGA HOSPITAL BLOOD BANK","contact":"0422 248 5000"
    },
    {
        "id":2,"place":" V2M4+JWJ, Dist, Ottakkalmandapam, Coimbatore, TN 641032","name":"KARPAGAM HOSPITAL BLOOD BANK","contact":"04226554443"
    },   
    {
        "id":3,"place":"128/2, (2249), Back to Shanthi Petrol Bunk, Singanallur, Neelikonampalayam, Coimbatore, TN 641005","name":"SHANTHI SOCIAL SERVICES","contact":"8489933127"
    },
    {
        "id":4,"place":"Address: 5, Government Arts College Road, Opposite Court, Gopalapuram","name":"KG Hospital Blood Bank","contact":"0422-2219191"
    },
    {
        "id":5,"place":"Gopalapuram","name":"Coimbatore Medical College Hospital Blood Bank","contact":"4222301393"
    }
]