    [
        {
            "id":21,"blood":"A+","pic":"https://i.pinimg.com/736x/1f/cb/6b/1fcb6be09eefe03dbb3039a5352aa42f.jpg"
        },
        {
            "id":22,"blood":"B+","pic":"https://i.pinimg.com/736x/d8/57/30/d857300fff70ba5da4b39750f57cd891.jpg"
        },
        {
            "id":23,"blood":"B-","pic":"https://i.pinimg.com/736x/9a/0e/6c/9a0e6c59a15f9a47f97a0a9ccadf9801.jpg"
        },
        {
            "id":24,"blood":"A-","pic":"https://i.pinimg.com/736x/fa/1e/bb/fa1ebb7f1ba410dcb6fd5f949d2c65a9.jpg"
        },
        {
            "id":25,"blood":"O+","pic":"https://i.pinimg.com/736x/a0/71/df/a071df772aa20d80b29d722dfc8d9d83.jpg"
        },

        {
            "id":26,"blood":"O-","pic":"https://i.pinimg.com/736x/2b/a7/38/2ba7380ff2d2022b66a1b1c2ed4936ae.jpg"
        },
        {
            "id":27,"blood":"AB+","pic":"https://i.pinimg.com/736x/2d/d6/97/2dd6975732ff073119c7b56097696fa2.jpg"
        },
        {
            "id":28,"blood":"AB-","pic":"https://i.pinimg.com/736x/ef/47/fb/ef47fb8c7ba6701b19a029ad138bdc8f.jpg"
        }
        


    ]